id,title,description,price,other_features,image_1,image_2,image_3,image_4,image_5,image_6,image_7,image_8,image_9,image_10
i_00000,Trek Emonda SL 7 Carbone Di2 11V - JUMPERTREK - 08227,"INTRODUCTIONCe v√©lo d'occasion reconditionn√© est un v√©lo de route taille 52: 165cm √† 174cm, avec un cadre en Carbone et
	transmission Shimano Ultegra Di2. Les images de ce v√©lo sont r√©elles et sp√©cifiques, ce ne sont pas des photographies de
	catalogue.√âTAT M√âCANIQUETous les v√©los quittent nos installations apr√®s avoir √©t√© enti√®rement
	v√©rifi√©s, nous rempla√ßons toutes les pi√®ces d'usure, chaque fois que le v√©lo en a besoin, par un composant de
	m√™me gamme ou similaire. Nous effectuons un graissage complet du v√©lo et un r√©glage de celui-ci avant sa
	livraison afin que vous puissiez profiter de sa remise en service. Plus de fonctionnalit√©s, dans le tableau
	suivant. P√©dales non incluses.D√âTAILSTaille52: 165cm √† 174cmCadreCarboneTaille de roue700TransmissionShimano Ultegra Di2Vitesses11 VitessesCassette11-28-TManettesShimano Ultegra Di2ManivellesShimano UltegraPlateaux52-36-TFreinsShimano UltegraRouesMavic Cosmic S 42Mat√©riau de la potenceAluminiumGuidonundefinedTigeCarboneFourcheundefinedBlocage remote de la fourcheundefinedD√©battement de fourcheundefinedNOUS EXAMINONS CHAQUE V√âLO EN D√âTAILNous v√©rifions l'int√©grit√© structurelle du cadre et des roues.Nous v√©rifions le fonctionnement des suspensions, de la transmission et des freins.Nous passons en revue tous les √©l√©ments d'usure, et nous changeons ceux n√©cessaires pour garantir un
		fonctionnement correct.Nous analysons le fonctionnement du moteur, de la batterie et de l'affichage, dans le cas des v√©los
		√©lectriques.Nous effectuons un graissage et serrage complet de toutes les vis du v√©lo.",3467 ‚Ç¨,"{'Ann√©e': '2022', '√âtat': 'Comme neuf', 'Diametre roues': 'Autre', 'Poids': '8', 'Type de freinage': 'Disques', ""Type d'√©trier de frein"": 'U-Brake'}",/Users/vloi/code/vloi/helperz/data_viz/data/4/img_tvlo/tvlo_00000_0.jpg,/Users/vloi/code/vloi/helperz/data_viz/data/4/img_tvlo/tvlo_00000_1.jpg,/Users/vloi/code/vloi/helperz/data_viz/data/4/img_tvlo/tvlo_00000_2.jpg,/Users/vloi/code/vloi/helperz/data_viz/data/4/img_tvlo/tvlo_00000_3.jpg,/Users/vloi/code/vloi/helperz/data_viz/data/4/img_tvlo/tvlo_00000_4.jpg,/Users/vloi/code/vloi/helperz/data_viz/data/4/img_tvlo/tvlo_00000_5.jpg,/Users/vloi/code/vloi/helperz/data_viz/data/4/img_tvlo/tvlo_00000_6.jpg,/Users/vloi/code/vloi/helperz/data_viz/data/4/img_tvlo/tvlo_00000_7.jpg,/Users/vloi/code/vloi/helperz/data_viz/data/4/img_tvlo/tvlo_00000_8.jpg,
i_00001,ADRIS PERFORMANCE - ADRISPORT - 46200,"Je vends mon v√©lo ADRIS PERFORMANCE achet√© octobre 2023 ( facture ) , Taille M, je mesure 172 pour 80 entre jambes, sortie de selle sur photo 70,5 avec manivelles 172,5.Convient pour cycliste de 170 √† 176 cm. V√©lo comme neuf, 4000 km . Cadre prot√©g√© par cl√©ar protect. Cadre garanti √† vie. Entretien r√©gulier chaine chang√©e √† 3000km.Super v√©lo tr√®s polyvalent.et et tr√®s beau look, Plus de renseignements voir fiche descriptive  du v√©lo. Vendu sans p√©dales . Envoi possible mais de pr√©f√©rence remise en main propre, je peux √©galement me d√©placer sur 100km.  Ne roule plus depuis d√©cembre 2024, Prix n√©gociable dans la mesure du raisonnable.",3800 ‚Ç¨,"{'Ann√©e': '2023', '√âtat': 'Comme neuf', 'Groupe': 'Shimano Ultegra Di2', 'Taille du cadre': '44 cm', 'Diametre roues': '700 / 28""', 'Mati√®re principale': 'Carbone', 'Couleurs principales': 'Beige', 'Type de freinage': 'Disques', 'Pratique': 'Route', 'Nombres de vitesses': '12 vitesses', 'Groupe √©lectrique (AXS, Di2, eTap, ..)': 'Oui'}",/Users/vloi/code/vloi/helperz/data_viz/data/4/img_tvlo/tvlo_00001_0.jpg,/Users/vloi/code/vloi/helperz/data_viz/data/4/img_tvlo/tvlo_00001_1.jpg,/Users/vloi/code/vloi/helperz/data_viz/data/4/img_tvlo/tvlo_00001_2.jpg,/Users/vloi/code/vloi/helperz/data_viz/data/4/img_tvlo/tvlo_00001_3.jpg,/Users/vloi/code/vloi/helperz/data_viz/data/4/img_tvlo/tvlo_00001_4.jpg,,,,,
i_00002,cbt necer t 56 (ultegras di2) - AUTRE - 21000,velo neuf (dispo -10 jours)  cbt necer 99 (ultegras di2)  (50x 34) 11x 34cintre potence carbone roue dt swissoption roue carbone mavic cosmic s42 (490e)taille 56(noir-blanc-gris)avec  roues dt swissprix 2680e  delais    (  10/j ours apres reglement),2680 ‚Ç¨,"{'Ann√©e': '2024', '√âtat': 'Neuf', 'Groupe': 'Shimano Ultegra Di2', 'Taille du cadre': 'M/L', 'Diametre roues': '700 / 28""', 'Mati√®re principale': 'Carbone', 'Type de freinage': 'Disques', 'Pratique': 'Route', 'Nombres de vitesses': '12 vitesses'}",/Users/vloi/code/vloi/helperz/data_viz/data/4/img_tvlo/tvlo_00002_0.jpg,/Users/vloi/code/vloi/helperz/data_viz/data/4/img_tvlo/tvlo_00002_1.jpg,,,,,,,,
i_00003,Lapierre Xelius SL 7 - LAPIERRE - 68210,Lapierre Xelius SL 7Groupe ultegra di2Selle prologo dimension 143Roues alu fulcrumPedalier 52/36Manivelles 170mmCassette 11/32Potence Lapierre 90mmCintre 40cmPrix √† d√©battre dans la limite du raisonnable,1500 ‚Ç¨,"{'Ann√©e': '2020', '√âtat': 'Bon √©tat', 'Groupe': 'Shimano Ultegra Di2', 'Taille du cadre': 'S', 'Diametre roues': '700 / 28""', 'Mati√®re principale': 'Carbone', 'Type de freinage': 'Disques', 'Pratique': 'Route', 'Nombres de vitesses': '11 vitesses', 'Groupe √©lectrique (AXS, Di2, eTap, ..)': 'Oui'}",/Users/vloi/code/vloi/helperz/data_viz/data/4/img_tvlo/tvlo_00003_0.jpg,/Users/vloi/code/vloi/helperz/data_viz/data/4/img_tvlo/tvlo_00003_1.jpg,/Users/vloi/code/vloi/helperz/data_viz/data/4/img_tvlo/tvlo_00003_2.jpg,/Users/vloi/code/vloi/helperz/data_viz/data/4/img_tvlo/tvlo_00003_3.jpg,/Users/vloi/code/vloi/helperz/data_viz/data/4/img_tvlo/tvlo_00003_4.jpg,/Users/vloi/code/vloi/helperz/data_viz/data/4/img_tvlo/tvlo_00003_5.jpg,,,,
i_00004,V√©lo route bmc racemachine carbone  - BMC - 38100,"bmc race machine rm 01 carbonMarque suisse de prestige, v√©lo qui a gagn√© sur le Tour de France en 2016Shimano 105 3 x 10 vitessePedalier 105Tige de selle bmc carboneRoue mavic ksyrium rayon plat beau son en roue libre avec moyeux carbonePotence fsa carboneCintre ritchey carboneSelle italia2 pneus hutchinson neufEsth√©tique et m√©canique parfait √©tatPoids l√©ger 7.6 kgCadre 55 cm pour 1m75 √† 1m90Le v√©lo √©tait vendu en kit cadre neuf au prix de 4000‚Ç¨ ensuite montage √† la carte pour le restant des composants par le v√©lociste√Ä voir sur Rives ou sur le lieu de travail  √† Voreppe / st egreve en semaine et GrenobleSworks specialized pinarello cannondale scott trek factor canyon lapierre adris etc",1000 ‚Ç¨,"{'Ann√©e': '2016', '√âtat': 'Comme neuf', 'Groupe': 'Shimano 105', 'Taille du cadre': 'M/L', 'Diametre roues': '700 / 28""', 'Mati√®re principale': 'Carbone', 'Type de freinage': 'Patins', 'Pratique': 'Route', 'Nombres de vitesses': '10 vitesses'}",/Users/vloi/code/vloi/helperz/data_viz/data/4/img_tvlo/tvlo_00004_0.jpg,/Users/vloi/code/vloi/helperz/data_viz/data/4/img_tvlo/tvlo_00004_1.jpg,/Users/vloi/code/vloi/helperz/data_viz/data/4/img_tvlo/tvlo_00004_2.jpg,,,,,,,
i_00005,Specialized SL5 TARMAC - SPECIALIZED - 26540,Specialized SL5 tarmac √† vendre.En parfait etat.La transmission Ultegra est toute neuve ! (-250km)Patin frein √©galement tout neuf.V√©lo tr√®s soign√© et rigoureusement entretenu.Rien √† pr√©voir.,1850 ‚Ç¨,"{'Ann√©e': '2018', '√âtat': 'Comme neuf', 'Groupe': 'Shimano Ultegra', 'Taille du cadre': 'L', 'Mati√®re principale': 'Carbone', 'Couleurs principales': 'Rouge', 'Type de freinage': 'Patins', 'Pratique': 'Route', 'Nombres de vitesses': '12 vitesses', 'Groupe √©lectrique (AXS, Di2, eTap, ..)': 'Non'}",/Users/vloi/code/vloi/helperz/data_viz/data/4/img_tvlo/tvlo_00005_0.jpg,,,,,,,,,
i_00006,Seven Helium - SEVEN - 87600,"ensemble cadre fourche, ou v√©lo complet.C'est un v√©lo de collectionneur, je suis fan du titane, mais je dois faire de la place dans le garage(une 12aine de v√©los...)v√©lo exceptionnel pour grimper, hyper light(1,2kg le cadre, fourche THM scapula)on ne bute jamais contre le cadre, ce n'est √©videmment pas le dernier v√©lo a√©ro, c'est une autre id√©e du v√©lo, et franchement, en dehors d'une pratique en criterium, je ne vois pas de limite sportive non plus, √ßa reste un avis personnel.me contacter pour les possibilit√©s de roues, cadre nu, tige de selle, selle...c'est un 53,5 de long, 48cm haut du tube de selle, donc un peu de sloping.je fais 1m74, je suis tr√®s bien pos√© dessus, id√©alement 1m70 √† 1m76 je dirais pour ne pas jouer avec les p√©riph√©riques.",2000 ‚Ç¨,"{'Ann√©e': '2009', '√âtat': 'Tr√®s bon √©tat', 'Groupe': 'Shimano Ultegra', 'Taille du cadre': '53 cm', 'Diametre roues': '700 / 28""', 'Mati√®re principale': 'Titane', 'Type de freinage': 'Patins', 'Pratique': 'Route', 'Nombres de vitesses': '11 vitesses'}",/Users/vloi/code/vloi/helperz/data_viz/data/4/img_tvlo/tvlo_00006_0.jpg,,,,,,,,,
i_00007,Lapierre xelius sl 10 (URGENT)  - LAPIERRE - 44140,Vends lapierre x√©lius sl10Couleur fdj√âquipe dura ace 12vPlateaux 52x36Cassette 11x30Potence 110Ceintre taille 42V√©lo prot√©g√© au clear protecteRoues mavic ksyriumPneu Victoria corsa graphene en 28Monte en chambre √† air mais possibilit√© d'un montage  tubulessPOSSIBILIT√â D'√âCHANGE,2900 ‚Ç¨,"{'Ann√©e': '2023', '√âtat': 'Tr√®s bon √©tat', 'Groupe': 'Shimano Dura Ace Di2', 'Taille du cadre': 'XL', 'Diametre roues': '700 / 28""', 'Mati√®re principale': 'Carbone', 'Type de freinage': 'Disques', 'Pratique': 'Route', 'Nombres de vitesses': '12 vitesses', 'Groupe √©lectrique (AXS, Di2, eTap, ..)': 'Oui'}",/Users/vloi/code/vloi/helperz/data_viz/data/4/img_tvlo/tvlo_00007_0.jpg,/Users/vloi/code/vloi/helperz/data_viz/data/4/img_tvlo/tvlo_00007_1.jpg,/Users/vloi/code/vloi/helperz/data_viz/data/4/img_tvlo/tvlo_00007_2.jpg,/Users/vloi/code/vloi/helperz/data_viz/data/4/img_tvlo/tvlo_00007_3.jpg,/Users/vloi/code/vloi/helperz/data_viz/data/4/img_tvlo/tvlo_00007_4.jpg,/Users/vloi/code/vloi/helperz/data_viz/data/4/img_tvlo/tvlo_00007_5.jpg,/Users/vloi/code/vloi/helperz/data_viz/data/4/img_tvlo/tvlo_00007_6.jpg,/Users/vloi/code/vloi/helperz/data_viz/data/4/img_tvlo/tvlo_00007_7.jpg,/Users/vloi/code/vloi/helperz/data_viz/data/4/img_tvlo/tvlo_00007_8.jpg,
i_00008,CADEX TRI SRAM RED - CADEX - 31100,"V√©lo quasi neuf, tr√®s peu utilis√©, vente cause blessure.Groupe : SRAM RED AXS avec capteur de puissance 54/41Manivelles : SRAM FORCE 165mmDerailleurs AV/AR : SRAM REDFreins et Shifter : SRAM REDRoues : CADEX 65mmVendu avec la valise CADEX neuve jamais utilis√©e et toutes les pi√®ces d√©tach√©es pour adapter le cockpit.V√©lo tr√®s rare, √† venir r√©cup√©rer en mains propres.",6700 ‚Ç¨,"{'Ann√©e': '2024', '√âtat': 'Comme neuf', 'Groupe': 'SRAM Red', 'Taille du cadre': 'XS', 'Diametre roues': '700 / 28""', 'Mati√®re principale': 'Carbone', 'Couleurs principales': 'Noir', 'Type de freinage': 'Disques', 'Pratique': 'Triathlon', 'Nombres de vitesses': '12 vitesses', 'Groupe √©lectrique (AXS, Di2, eTap, ..)': 'Oui'}",/Users/vloi/code/vloi/helperz/data_viz/data/4/img_tvlo/tvlo_00008_0.jpg,/Users/vloi/code/vloi/helperz/data_viz/data/4/img_tvlo/tvlo_00008_1.jpg,,,,,,,,
i_00009,ORBEA AVANT - ORBEA - 06110,"ORBEA AVANT CARBONETaille : 53Shimano 105 m√©ca 34/50   11-30 172,5V√©lo neufTarif : 890‚Ç¨Pour plus d'info, nous contacter au 0623905271 ou au 0493690626",890 ‚Ç¨,"{'Ann√©e': '2021', '√âtat': 'Neuf', 'Groupe': 'Shimano 105', 'Taille du cadre': '53 cm', 'Diametre roues': '700 / 28""', 'Mati√®re principale': 'Carbone', 'Type de freinage': 'Patins', 'Pratique': 'Route', 'Nombres de vitesses': '11 vitesses', 'Groupe √©lectrique (AXS, Di2, eTap, ..)': 'Non'}",/Users/vloi/code/vloi/helperz/data_viz/data/4/img_tvlo/tvlo_00009_0.jpg,,,,,,,,,
i_00010,Specialized S-Works SL6 - AUTRE - 1286,SL6 en taille 49Full dura ace di2P√©dalier (170mm) 34-50 rotor 2inpower (capteur de puissance)Selle Fisik Antares 00 (rail carbone)Roval CLX Carbone (35 devant et 50 derri√®re)Cassette 11-28 dura-aceCintre carbone 3t Superergo LTDGuidoline supacazGP5000 X 2Une tige de selle en suppl√©ment neuveEtrier frein arri√®re Dura ace neuf,4350 ‚Ç¨,"{'Ann√©e': '2020', '√âtat': 'Bon √©tat', 'Groupe': 'Shimano Dura Ace Di2', 'Taille du cadre': '49 cm', 'Mati√®re principale': 'Carbone', 'Type de freinage': 'Disques', 'Pratique': 'Route', 'Nombres de vitesses': '11 vitesses', 'Groupe √©lectrique (AXS, Di2, eTap, ..)': 'Oui'}",/Users/vloi/code/vloi/helperz/data_viz/data/4/img_tvlo/tvlo_00010_0.jpg,/Users/vloi/code/vloi/helperz/data_viz/data/4/img_tvlo/tvlo_00010_1.jpg,,,,,,,,
i_00011,Vends Conago C64 taille 50 S √©tat neuf - AUTRE - 54800,Vends V√©lo Colnago C64 taille 50 S disque √©tat neuf.Mont√© en Shimano Durace 11 vitesses √©lectrique,3900 ‚Ç¨,"{'Ann√©e': '2021', '√âtat': 'Comme neuf', 'Groupe': 'Shimano Dura Ace Di2', 'Taille du cadre': 'M', 'Diametre roues': '700 / 28""', 'Mati√®re principale': 'Carbone', 'Couleurs principales': 'Noir, Rouge', 'Type de freinage': 'Disques', 'Pratique': 'Route', 'Nombres de vitesses': '11 vitesses', 'Groupe √©lectrique (AXS, Di2, eTap, ..)': 'Oui'}",/Users/vloi/code/vloi/helperz/data_viz/data/4/img_tvlo/tvlo_00011_0.jpg,,,,,,,,,
i_00012,Trek Domane SL6 Pro ultegra di2 - TREK - 59139,"V√©lo achet√© neuf en Novembre 2016 chez Guibole et guidon. Modification du groupe initial par un ultegra di2 2x11v Roues aluminium DtSwiss RR21 dicut Entretien permanent, faible kilom√©trage. V√©lo tr√®s confortable notamment pour switch depuis la course √† pied et pr√©servant le dos! Je mesure 183cm et l‚Äôid√©e de d√©part √©tait vraiment le confort. Revente suite changement de mat√©riel Pas d‚Äôenvoi, pas de western union ou autre idiotie. Si l‚Äôannonce est en ligne, le v√©lo est dispo.",1500 ‚Ç¨,"{'Ann√©e': '2016', '√âtat': 'Tr√®s bon √©tat', 'Groupe': 'Shimano Ultegra Di2', 'Taille du cadre': '56 cm', 'Diametre roues': '700 / 28""', 'Mati√®re principale': 'Carbone', 'Couleurs principales': 'Rouge', 'Type de freinage': 'Patins', 'Pratique': 'Route', 'Nombres de vitesses': '11 vitesses', 'Groupe √©lectrique (AXS, Di2, eTap, ..)': 'Oui'}",/Users/vloi/code/vloi/helperz/data_viz/data/4/img_tvlo/tvlo_00012_0.jpg,/Users/vloi/code/vloi/helperz/data_viz/data/4/img_tvlo/tvlo_00012_1.jpg,/Users/vloi/code/vloi/helperz/data_viz/data/4/img_tvlo/tvlo_00012_2.jpg,/Users/vloi/code/vloi/helperz/data_viz/data/4/img_tvlo/tvlo_00012_3.jpg,/Users/vloi/code/vloi/helperz/data_viz/data/4/img_tvlo/tvlo_00012_4.jpg,/Users/vloi/code/vloi/helperz/data_viz/data/4/img_tvlo/tvlo_00012_5.jpg,/Users/vloi/code/vloi/helperz/data_viz/data/4/img_tvlo/tvlo_00012_6.jpg,/Users/vloi/code/vloi/helperz/data_viz/data/4/img_tvlo/tvlo_00012_7.jpg,,
i_00013,ridley   fenix sl (105) - AUTRE - 21000,1 velo ridley fenix sl ( taille s) 52 colier selle)   ( superbe etat) ideal 1m70/78(groupe 105)(2x11pedalier rotorroues progress pneus tublesscoloris rougecintre carbone  )cadre superbe etatguidoline neuve (au choix (sera mis pour la vente)envoi 25e,760 ‚Ç¨,"{'√âtat': 'Tr√®s bon √©tat', 'Groupe': 'Shimano 105', 'Taille du cadre': 'S', 'Diametre roues': '700 / 28""', 'Mati√®re principale': 'Carbone', 'Couleurs principales': 'Rouge', 'Type de freinage': 'Patins', 'Pratique': 'Route', 'Nombres de vitesses': '11 vitesses'}",/Users/vloi/code/vloi/helperz/data_viz/data/4/img_tvlo/tvlo_00013_0.jpg,/Users/vloi/code/vloi/helperz/data_viz/data/4/img_tvlo/tvlo_00013_1.jpg,/Users/vloi/code/vloi/helperz/data_viz/data/4/img_tvlo/tvlo_00013_2.jpg,/Users/vloi/code/vloi/helperz/data_viz/data/4/img_tvlo/tvlo_00013_3.jpg,/Users/vloi/code/vloi/helperz/data_viz/data/4/img_tvlo/tvlo_00013_4.jpg,,,,,
i_00014,Giant Propel Pro 1 2021 taille L  - GIANT - 31780,Bonjour. Suite √† l‚Äôachat de mon nouveau v√©lo je mets en vente mon Propel.Achet√© d‚Äôoccasion neuf en Octobre 2022. Utilis√© deux ans.Toujours entretenu en magasin tout les trois mois. Une pile de facture √† l‚Äôappui est disponible‚õîÔ∏è Vendu sans les roues mais offre possible avec. roues SLR 1 en carbonne et roue arri√®re (moyeu et corps de roue libre) neuve.Les plus :‚úÖ Deux potences incluses (120mm neuves moins d‚Äôun an et 110mm celle d‚Äôorigine)‚úÖ Une cassette offerte ayant moins de 2mois.‚úÖ Capteur de puissance power pro dans le p√©dalier‚úÖ Disques chang√©s en Ao√ªt 2024 (moins de 5 mois d‚Äôutilisation‚úÖ Enti√®rement r√©vis√© et purge des freins. Guidoline neuve. Plaquettes neuves‚úÖ AUCUNE CHUTE (et je continue de toucher du bois)Les b√©mols :‚ùå Pr√©voir changement de la cha√Æne‚ùå D√©fauts de peinture avec l‚Äôutilisation. Petits accros par endroits seulement esth√©tiques. Plus de photos possible en ce sens.Ouvert aux offres et n√©gociations.Valeur neuve 5400‚Ç¨,2200 ‚Ç¨,"{'Ann√©e': '2021', '√âtat': 'Bon √©tat', 'Groupe': 'Shimano Ultegra', 'Taille du cadre': 'L', 'Diametre roues': '700 / 28""', 'Mati√®re principale': 'Carbone', 'Couleurs principales': 'Violet', 'Type de freinage': 'Disques', 'Pratique': 'Route', 'Nombres de vitesses': '11 vitesses', 'Groupe √©lectrique (AXS, Di2, eTap, ..)': 'Non'}",,,,,,,,,,
i_00015,V√©lo toute Scoot Addict RC 30 Taille S/M T52 - SCOTT - 26140,"üö¥V√©lo de route carbone SCOTT ADDICT RC 30 ‚Äì Excellent √©tatüìçPoids : 7,9kg√Ä vendre magnifique SCOTT ADDICT RC 30, un v√©lo de route haut de gamme taill√© pour la performance. Id√©al pour la montagne, les longues sorties ou la comp√©tition.üîßCaract√©ristiques techniques :Cadre carbone avecc√¢blerie enti√®rement int√©gr√©eFreins √† disque hydrauliquespour un freinage puissant et progressifRoues Alu Syncross, compatiblesTubeless ou chambre √† airGroupe completShimano ULTEGRA 11 vitessesTransmission :‚Ä¢ 2 plateaux 52/36‚Ä¢ Cassette 11-32V√©lor√©vis√© et en excellent √©tatüëâ Pr√™t √† rouler, aucun frais √† pr√©voir.üí° V√©lo tr√®s l√©ger (7,9 kg), id√©al pour les cyclistes exigeants.üì∏ Photos disponibles sur demande.üí¨ Me contacter pour plus d'infos ou pour venir le voir/essayer.",2500 ‚Ç¨,"{'Ann√©e': '2022', '√âtat': 'Tr√®s bon √©tat', 'Groupe': 'Shimano Ultegra', 'Taille du cadre': 'S', 'Diametre roues': '700 / 28""', 'Mati√®re principale': 'Carbone', 'Couleurs principales': 'Jaune', 'Type de freinage': 'Disques', 'Pratique': 'Route', 'Nombres de vitesses': '11 vitesses', 'Groupe √©lectrique (AXS, Di2, eTap, ..)': 'Non'}",/Users/vloi/code/vloi/helperz/data_viz/data/4/img_tvlo/tvlo_00015_0.jpg,/Users/vloi/code/vloi/helperz/data_viz/data/4/img_tvlo/tvlo_00015_1.jpg,,,,,,,,
i_00016,Colnago c59 groupe record M√©ca 12 v nouveau  - COLNAGO - 4680,Colnago c59 nickel jamais tomb√© groupe campagnolo record M√©ca 12 v neuf jante carbone 1 an super √©tat,1900 ‚Ç¨,"{'Ann√©e': '2014', '√âtat': 'Tr√®s bon √©tat', 'Groupe': 'Campagnolo Record', 'Taille du cadre': 'L/XL', 'Diametre roues': '700 / 28""', 'Mati√®re principale': 'Carbone', 'Couleurs principales': 'Noir, Gris', 'Type de freinage': 'Patins', 'Pratique': 'Route', 'Nombres de vitesses': '12 vitesses', 'Groupe √©lectrique (AXS, Di2, eTap, ..)': 'Non'}",/Users/vloi/code/vloi/helperz/data_viz/data/4/img_tvlo/tvlo_00016_0.jpg,/Users/vloi/code/vloi/helperz/data_viz/data/4/img_tvlo/tvlo_00016_1.jpg,/Users/vloi/code/vloi/helperz/data_viz/data/4/img_tvlo/tvlo_00016_2.jpg,/Users/vloi/code/vloi/helperz/data_viz/data/4/img_tvlo/tvlo_00016_3.jpg,/Users/vloi/code/vloi/helperz/data_viz/data/4/img_tvlo/tvlo_00016_4.jpg,/Users/vloi/code/vloi/helperz/data_viz/data/4/img_tvlo/tvlo_00016_5.jpg,,,,
i_00017,V√©lo Lapierre Aerostorm FDJ di2 M - LAPIERRE - 80000,"Vend un v√©lo de Lapierre aerostorm CLM taille M en tr√®s bon √©tat. V√©lo issu de l‚Äô√©quipe pro ayant appartenu √† Lorenzo Manzin.Groupe shimano dura ace di2 11 vitesses, freinage √† patins, p√©dalier 172.5mm 54/40.Plus d‚Äôinfos et de photos sur demandePrix: 19999 euros sans roues",1999 ‚Ç¨,"{'√âtat': 'Tr√®s bon √©tat', 'Groupe': 'Shimano Dura Ace Di2', 'Taille du cadre': 'M', 'Diametre roues': '700 / 28""', 'Mati√®re principale': 'Carbone', 'Couleurs principales': 'Noir, Rouge', 'Type de freinage': 'Patins', 'Pratique': 'CLM', 'Nombres de vitesses': '11 vitesses', 'Groupe √©lectrique (AXS, Di2, eTap, ..)': 'Oui'}",/Users/vloi/code/vloi/helperz/data_viz/data/4/img_tvlo/tvlo_00017_0.jpg,/Users/vloi/code/vloi/helperz/data_viz/data/4/img_tvlo/tvlo_00017_1.jpg,/Users/vloi/code/vloi/helperz/data_viz/data/4/img_tvlo/tvlo_00017_2.jpg,/Users/vloi/code/vloi/helperz/data_viz/data/4/img_tvlo/tvlo_00017_3.jpg,/Users/vloi/code/vloi/helperz/data_viz/data/4/img_tvlo/tvlo_00017_4.jpg,/Users/vloi/code/vloi/helperz/data_viz/data/4/img_tvlo/tvlo_00017_5.jpg,,,,
i_00018,Lapierre X√©lius DRS 8.0 taille M - LAPIERRE - 56400,"Votre magasin Bisiklet Auray Pluneret vous propose :Lapierre X√©lius DRS 8.0 couleur C1 (beige) taille M.Groupe Shimano Ult√©gra Di2 12v, transmission 52/36, cassette 11/34.Disques Durace.Combo carbone.Roues Dtswiss Arc 1600 carbones 50mm.Disponible en magasin.",5999 ‚Ç¨,"{'Ann√©e': '2025', '√âtat': 'Neuf', 'Groupe': 'Shimano Ultegra Di2', 'Taille du cadre': 'M', 'Diametre roues': '700 / 28""', 'Mati√®re principale': 'Carbone', 'Couleurs principales': 'Noir, Beige', 'Type de freinage': 'Disques', 'Pratique': 'Route', 'Nombres de vitesses': '12 vitesses', 'Groupe √©lectrique (AXS, Di2, eTap, ..)': 'Oui'}",/Users/vloi/code/vloi/helperz/data_viz/data/4/img_tvlo/tvlo_00018_0.jpg,,,,,,,,,
i_00019,COLANGO C68 - COLNAGO - 26100,Votre Magasin Cycles Cassese √† Romans Sur Is√®re vous propose un :COLNAGO C68Taille 48Groupe SRAM FORCE AXSManivelles 172.5mmP√©dalier 46X33Cassette 10X33Roues Fulcrum Racing 600Poids 8.11kgVous √™tes int√©ress√©s par cet article ? Contactez notre √©quipe via la messagerie ou par t√©l√©phone au04 75 02 39 20Livraison avec assurance possible partout en France,8000 ‚Ç¨,"{'Ann√©e': '2024', '√âtat': 'Comme neuf', 'Groupe': 'SRAM Force AXS', 'Taille du cadre': '48 cm', 'Diametre roues': '700 / 28""', 'Mati√®re principale': 'Carbone', 'Couleurs principales': 'Multicolore, Violet', 'Type de freinage': 'Disques', 'Pratique': 'Route', 'Nombres de vitesses': '12 vitesses', 'Groupe √©lectrique (AXS, Di2, eTap, ..)': 'Oui'}",/Users/vloi/code/vloi/helperz/data_viz/data/4/img_tvlo/tvlo_00019_0.jpg,/Users/vloi/code/vloi/helperz/data_viz/data/4/img_tvlo/tvlo_00019_1.jpg,/Users/vloi/code/vloi/helperz/data_viz/data/4/img_tvlo/tvlo_00019_2.jpg,/Users/vloi/code/vloi/helperz/data_viz/data/4/img_tvlo/tvlo_00019_3.jpg,/Users/vloi/code/vloi/helperz/data_viz/data/4/img_tvlo/tvlo_00019_4.jpg,/Users/vloi/code/vloi/helperz/data_viz/data/4/img_tvlo/tvlo_00019_5.jpg,/Users/vloi/code/vloi/helperz/data_viz/data/4/img_tvlo/tvlo_00019_6.jpg,/Users/vloi/code/vloi/helperz/data_viz/data/4/img_tvlo/tvlo_00019_7.jpg,/Users/vloi/code/vloi/helperz/data_viz/data/4/img_tvlo/tvlo_00019_8.jpg,/Users/vloi/code/vloi/helperz/data_viz/data/4/img_tvlo/tvlo_00019_9.jpg
i_00020,Trek - speedconcept - SLR  - TREK - 93400,"V√©lo de triathlon Trek Speed Concept Project One ‚Äì Taille L (175-186 cm) - SLR8Achet√© en d√©cembre 2024, v√©lo comme neuf, sans aucun d√©faut, pr√™t √† rouler.Caract√©ristiques :Groupe complet SRAM Red eTap axsRoues Bontrager Aeolus Pro 51Cadre et cha√Æne wax√©sProlongateur & portes-bouteilles Drag2ZeroVendu avec les composants d‚Äôorigines.Factures fournis.Prix : 8400 euros",8400 ‚Ç¨,"{'Ann√©e': '2024', '√âtat': 'Comme neuf', 'Groupe': 'SRAM Red eTap', 'Taille du cadre': 'L', 'Mati√®re principale': 'Carbone', 'Couleurs principales': 'Noir, Multicolore', 'Type de freinage': 'Disques', 'Pratique': 'Triathlon', 'Groupe √©lectrique (AXS, Di2, eTap, ..)': 'Oui'}",/Users/vloi/code/vloi/helperz/data_viz/data/4/img_tvlo/tvlo_00020_0.jpg,/Users/vloi/code/vloi/helperz/data_viz/data/4/img_tvlo/tvlo_00020_1.jpg,/Users/vloi/code/vloi/helperz/data_viz/data/4/img_tvlo/tvlo_00020_2.jpg,/Users/vloi/code/vloi/helperz/data_viz/data/4/img_tvlo/tvlo_00020_3.jpg,/Users/vloi/code/vloi/helperz/data_viz/data/4/img_tvlo/tvlo_00020_4.jpg,/Users/vloi/code/vloi/helperz/data_viz/data/4/img_tvlo/tvlo_00020_5.jpg,/Users/vloi/code/vloi/helperz/data_viz/data/4/img_tvlo/tvlo_00020_6.jpg,,,
i_00021,S WORKS TARMAC SL6 DURA ACE Di2 - SPECIALIZED - 06000,Sworks Tarmac SL6 Dura Ace Di2 11v,3200 ‚Ç¨,"{'Ann√©e': '2018', '√âtat': 'Bon √©tat', 'Groupe': 'Shimano Dura Ace Di2', 'Taille du cadre': '54 cm', 'Diametre roues': '700 / 28""', 'Mati√®re principale': 'Carbone', 'Couleurs principales': 'Multicolore', 'Type de freinage': 'Disques', 'Pratique': 'CLM', 'Nombres de vitesses': '11 vitesses', 'Groupe √©lectrique (AXS, Di2, eTap, ..)': 'Oui'}",/Users/vloi/code/vloi/helperz/data_viz/data/4/img_tvlo/tvlo_00021_0.jpg,/Users/vloi/code/vloi/helperz/data_viz/data/4/img_tvlo/tvlo_00021_1.jpg,/Users/vloi/code/vloi/helperz/data_viz/data/4/img_tvlo/tvlo_00021_2.jpg,/Users/vloi/code/vloi/helperz/data_viz/data/4/img_tvlo/tvlo_00021_3.jpg,/Users/vloi/code/vloi/helperz/data_viz/data/4/img_tvlo/tvlo_00021_4.jpg,,,,,
i_00022,v√©lo de route argon 18 gallium pro √©dition limit√©e de 2021 - ARGON 18 - 42410,"Vends v√©lo de route argon 18 gallium pro √©dition limit√©e de 2021.Je le vends car il est trop petit pour moi. Vendu comme neuf, environ 2000km, entretien r√©gulier. Caract√©ristiques techniques :Vendu avec des roues corima ws47( +800‚Ç¨).Transmission shimano ultegra di2 11vCapteur de puissance powermetterPrix n√©gociable dans la limite du raisonnable. Plus d‚Äôinfos par message.",1800 ‚Ç¨,"{'Ann√©e': '2021', '√âtat': 'Tr√®s bon √©tat', 'Groupe': 'Shimano Ultegra Di2', 'Taille du cadre': 'S', 'Diametre roues': '700 / 28""', 'Mati√®re principale': 'Carbone', 'Couleurs principales': 'Noir, Rouge', 'Type de freinage': 'Patins', 'Pratique': 'Route', 'Nombres de vitesses': '11 vitesses', 'Groupe √©lectrique (AXS, Di2, eTap, ..)': 'Oui'}",/Users/vloi/code/vloi/helperz/data_viz/data/4/img_tvlo/tvlo_00022_0.jpg,/Users/vloi/code/vloi/helperz/data_viz/data/4/img_tvlo/tvlo_00022_1.jpg,/Users/vloi/code/vloi/helperz/data_viz/data/4/img_tvlo/tvlo_00022_2.jpg,/Users/vloi/code/vloi/helperz/data_viz/data/4/img_tvlo/tvlo_00022_3.jpg,/Users/vloi/code/vloi/helperz/data_viz/data/4/img_tvlo/tvlo_00022_4.jpg,/Users/vloi/code/vloi/helperz/data_viz/data/4/img_tvlo/tvlo_00022_5.jpg,,,,
i_00023,velo piste - LOOK - 45500,"Vend v√©lo piste T 20Servie 1 moisJe vends l ensemble complet , roue guidon de poursuite.",5000 ‚Ç¨,"{'Ann√©e': '2021', '√âtat': 'Comme neuf', 'Taille du cadre': 'M/L', 'Diametre roues': '700 / 28""', 'Mati√®re principale': 'Carbone', 'Couleurs principales': 'Noir'}",/Users/vloi/code/vloi/helperz/data_viz/data/4/img_tvlo/tvlo_00023_0.jpg,/Users/vloi/code/vloi/helperz/data_viz/data/4/img_tvlo/tvlo_00023_1.jpg,/Users/vloi/code/vloi/helperz/data_viz/data/4/img_tvlo/tvlo_00023_2.jpg,/Users/vloi/code/vloi/helperz/data_viz/data/4/img_tvlo/tvlo_00023_3.jpg,/Users/vloi/code/vloi/helperz/data_viz/data/4/img_tvlo/tvlo_00023_4.jpg,,,,,
i_00024,Cannondale Super Six Evo Carbon Disk Ultegra - CANNONDALE - 78400,"Bonjour,Vends mon Cannondale SuperSix Evo Carbon Disk Ultegra,acquis en 2022 (valeur neuve 4500 euros facture √† l'appuie).J'ai parcouru 6500 kms environ √† son guidon, il est dans un bon √©tat g√©n√©ral et roule tr√®s bien.V√©lo tr√®s confortable, polyvalent, facile √† prendre en main.J'ai fait le Ventoux, l'√©tape du tour avec entre autres.... Jamais chut√©.Taille 56 - L (je mesure 1m80)- Montage Tubeless GP 5000 S TR en 28 pouces- Potence 80 mm mont√©e (celle d'origine 110mm disponible).- Cassette Ultegra (d'origine c'√©tait une 105)- Support GPS Garmin int√©gr√© au guidon platEntretien fait r√©guli√®rement par mes soins (chaine, cassettes, plaquettes, pneus etc..), historique d'entretien disponible.Specifications d√©taill√©s : -Cadre SuperSix EVO Carbon, integrated cable routing w/ Switchplate, 12x142 Speed Release thru-axle, SAVE, PF30a, flat mount disc, integrated seat binder -Fourche SuperSix EVO Carbon, SAVE, integrated crown race, 12x100mm Speed Release thru-axle, flat mount disc, internal routing, 1-1/8"" to 1-1/4"" steerer and 55mm offset (44-54cm), 1/8"" to 1-3/8‚Äù steerer and 45mm offset (56-62cm) -Jeu de direction Integrated, 1-1/8"" - 1-1/4"" (44-54cm), 1-1/8"" - 1-3/8"" (56-62cm) -Boitier de p√©dalier Cannondale Alloy PressFit30 - Cha√Æne Shimano HG701(Ultegra), 11-speed - P√©dalier Cannondale 1, BB30a, 50/34 - D√©railleur Avant Shimano Ultegra, braze-on - Cassette Shimano Ultegra, 11-32, 11-speed - D√©railleur Arri√®re Shimano Ultegra - Manettes Shimano Ultegra, 11-speed - Moyeu avant Formula, 12x100 - Moyeu Arri√®re Formula, 12x142 - Jante HollowGram 35mm, Carbon, 24h front, 28h rear, 35mm deep, 19mm IW, tubeless ready Rayons HollowGram, 2.0/1.8/2.0, straight-pull Pneus GP 5000 S TR (tubeless), 700 x 28c, Leviers de freins Shimano Ultegra Disques de freins Shimano Ultegra hydraulic disc, 160/160mm RT800 rotors Poign√©es Cannondale Bar Tape, 3.5mm Guidon HollowGram SAVE SystemBar, Carbon, 8 deg. pitch adjust Selle Fizik Aliante Delta, S-alloy rails Tige de selle HollowGram 27 SL KN√òT, Carbon, 2 bolt clamp, 330mm Potence HollowGram KN√òT, Alloy w/ cable cover, -6¬∞ Capteur de roue Cannondale Wheel SensorBien cordialement,",2200 ‚Ç¨,"{'Ann√©e': '2021', '√âtat': 'Bon √©tat', 'Groupe': 'Shimano Ultegra', 'Taille du cadre': 'L', 'Diametre roues': '700 / 28""', 'Mati√®re principale': 'Carbone', 'Type de freinage': 'Disques', 'Pratique': 'Route', 'Nombres de vitesses': '11 vitesses'}",/Users/vloi/code/vloi/helperz/data_viz/data/4/img_tvlo/tvlo_00024_0.jpg,/Users/vloi/code/vloi/helperz/data_viz/data/4/img_tvlo/tvlo_00024_1.jpg,/Users/vloi/code/vloi/helperz/data_viz/data/4/img_tvlo/tvlo_00024_2.jpg,,,,,,,
i_00025,V√©lo Route EXS Aerospeed Shimano 105 11V Noir 2024 - EXS - 28200,"Origine du produit :Ce v√©lo est issu d'un parc d'assistance m√©canique neutre. Plusieurs tailles sont disponibles.Nos experts en atelier, passionn√©s comme vous, v√©rifient chaque v√©lo. Ils garantissent des v√©los ""pr√™ts √† rouler"" etgarantis 2 ans, comme du neuf:Les composants sont remplac√©s s'ils ne sont pas jug√©s s√©curitaire et fonctionnels.Les consommables sont remplac√©s si leur usure est sup√©rieure ou √©gale √† 50%Les photographies sont r√©alis√©es par nos soins, ce ne sont pas des images de catalogues.Op√©rations effectu√©es et pi√®ces remplac√©es :Contr√¥le du syst√®me de freinageContr√¥le des roues et serrageContr√¥le de la directionR√©glage et contr√¥le de pr√©cision de la transmissionLe cadre et les p√©riph√©riques ont √©galement fait l'objet d'un contr√¥le de finition, d'assemblage et de s√©curit√©.Avis du m√©cano :V√©lo en bon √©tatDescription :Le v√©lo EXS est confortable, l√©ger et r√©actif id√©al pour les cyclosportifs qui cherchent un v√©lo performant.D√©tails :Cadre : Carbone Aerospeed T700Fourche : Carbone Aerospeed T700Manette de d√©railleur : Shimano 105 R7000D√©railleur Avant : Shimano 105 R7000 2VD√©railleur Arri√®re : Shimano 105 R7000 11VCassette : Shimano 105 CS-R7000 11-28tCha√Æne : Shimano 105 SLX CN-HG601 11SP√©dalier : Shimano 105 52-36t | Manivelles 170mmBo√Ætier de p√©dalier : N/CFreins : Shimano 105 Discs 160/140mmRoues : Shimano RS 700Pneus : Chaoyang Viper 700x25cGuidon : Uno Advanced Project 42cmRuban de cintre : NeattPotence : Uno Aluminium 100mmJeu de direction : FSA semi-int√©gr√©Selle : DDK VM Fit 140mmTige de selle : EXS CarboneP√©dales : SansPoids Total : 8.9kgPOUR EN SAVOIR PLUS: https://www.alltricks.fr/Acheter/exs?skus.brand=EXS",1349.99 ‚Ç¨,"{'Ann√©e': '2024', '√âtat': 'Bon √©tat', 'Groupe': 'Shimano 105', 'Taille du cadre': 'M', 'Diametre roues': '700 / 28""', 'Mati√®re principale': 'Carbone', 'Couleurs principales': 'Noir', 'Type de freinage': 'Disques', 'Pratique': 'Route', 'Nombres de vitesses': '11 vitesses', 'Groupe √©lectrique (AXS, Di2, eTap, ..)': 'Non'}",/Users/vloi/code/vloi/helperz/data_viz/data/4/img_tvlo/tvlo_00025_0.jpg,/Users/vloi/code/vloi/helperz/data_viz/data/4/img_tvlo/tvlo_00025_1.jpg,/Users/vloi/code/vloi/helperz/data_viz/data/4/img_tvlo/tvlo_00025_2.jpg,,,,,,,
i_00026,Look KG 292 campagnolo record 1997 - LOOK - 92170,"Look KG 292 1997 titaneTaille 55 carr√© axe √† axe (pour info j'ai mis la page du catalogue d'√©poque correspondante.)Groupe Campa record carbone complet.Roues Mavic Ksyrium Elite alu.Cable de frein carbone jagwireSelle San marco CarbonePoids 6,1kg sans p√©dales",2900 ‚Ç¨,"{'Ann√©e': '1997', '√âtat': 'Tr√®s bon √©tat', 'Groupe': 'Campagnolo Record', 'Taille du cadre': '55 cm', 'Diametre roues': '700 / 28""', 'Mati√®re principale': 'Titane', 'Couleurs principales': 'Gris', 'Type de freinage': 'Patins', 'Pratique': 'Course Vintage', 'Nombres de vitesses': '10 vitesses'}",/Users/vloi/code/vloi/helperz/data_viz/data/4/img_tvlo/tvlo_00026_0.jpg,/Users/vloi/code/vloi/helperz/data_viz/data/4/img_tvlo/tvlo_00026_1.jpg,/Users/vloi/code/vloi/helperz/data_viz/data/4/img_tvlo/tvlo_00026_2.jpg,/Users/vloi/code/vloi/helperz/data_viz/data/4/img_tvlo/tvlo_00026_3.jpg,/Users/vloi/code/vloi/helperz/data_viz/data/4/img_tvlo/tvlo_00026_4.jpg,/Users/vloi/code/vloi/helperz/data_viz/data/4/img_tvlo/tvlo_00026_5.jpg,/Users/vloi/code/vloi/helperz/data_viz/data/4/img_tvlo/tvlo_00026_6.jpg,/Users/vloi/code/vloi/helperz/data_viz/data/4/img_tvlo/tvlo_00026_7.jpg,/Users/vloi/code/vloi/helperz/data_viz/data/4/img_tvlo/tvlo_00026_8.jpg,
i_00027,Giant Defy Advanced 1 Carbone Di2 11V - GIANT - 08227,"INTRODUCTIONCe v√©lo d'occasion reconditionn√© est un v√©lo de route taille 52: 165cm √† 174cm, avec un cadre en Carbone et
	transmission Shimano Ultegra Di2. Les images de ce v√©lo sont r√©elles et sp√©cifiques, ce ne sont pas des photographies de
	catalogue.√âTAT M√âCANIQUETous les v√©los quittent nos installations apr√®s avoir √©t√© enti√®rement
	v√©rifi√©s, nous rempla√ßons toutes les pi√®ces d'usure, chaque fois que le v√©lo en a besoin, par un composant de
	m√™me gamme ou similaire. Nous effectuons un graissage complet du v√©lo et un r√©glage de celui-ci avant sa
	livraison afin que vous puissiez profiter de sa remise en service. Plus de fonctionnalit√©s, dans le tableau
	suivant. P√©dales non incluses.D√âTAILSTaille52: 165cm √† 174cmCadreCarboneTaille de roue700TransmissionShimano Ultegra Di2Vitesses11 VitessesCassette11-34-TManettesShimano Ultegra Di2ManivellesShimanoPlateaux50-34-TFreinsShimano UltegraRouesDT Swiss Pro 1600Mat√©riau de la potenceAluminiumGuidonundefinedTigeCarboneFourcheundefinedBlocage remote de la fourcheundefinedD√©battement de fourcheundefinedNOUS EXAMINONS CHAQUE V√âLO EN D√âTAILNous v√©rifions l'int√©grit√© structurelle du cadre et des roues.Nous v√©rifions le fonctionnement des suspensions, de la transmission et des freins.Nous passons en revue tous les √©l√©ments d'usure, et nous changeons ceux n√©cessaires pour garantir un
		fonctionnement correct.Nous analysons le fonctionnement du moteur, de la batterie et de l'affichage, dans le cas des v√©los
		√©lectriques.Nous effectuons un graissage et serrage complet de toutes les vis du v√©lo.",2141 ‚Ç¨,"{'Ann√©e': '2018', '√âtat': 'Comme neuf', 'Diametre roues': 'Autre', 'Poids': '8', 'Type de freinage': 'Disques', ""Type d'√©trier de frein"": 'U-Brake'}",/Users/vloi/code/vloi/helperz/data_viz/data/4/img_tvlo/tvlo_00027_0.jpg,/Users/vloi/code/vloi/helperz/data_viz/data/4/img_tvlo/tvlo_00027_1.jpg,/Users/vloi/code/vloi/helperz/data_viz/data/4/img_tvlo/tvlo_00027_2.jpg,/Users/vloi/code/vloi/helperz/data_viz/data/4/img_tvlo/tvlo_00027_3.jpg,/Users/vloi/code/vloi/helperz/data_viz/data/4/img_tvlo/tvlo_00027_4.jpg,/Users/vloi/code/vloi/helperz/data_viz/data/4/img_tvlo/tvlo_00027_5.jpg,/Users/vloi/code/vloi/helperz/data_viz/data/4/img_tvlo/tvlo_00027_6.jpg,/Users/vloi/code/vloi/helperz/data_viz/data/4/img_tvlo/tvlo_00027_7.jpg,/Users/vloi/code/vloi/helperz/data_viz/data/4/img_tvlo/tvlo_00027_8.jpg,
i_00028,TREK MADONE SLR 9 (2025) Chroma interstellar - TREK - 06110,"TREK MADONE SLR 9 Chroma interstellarV√©lo neufDispo imm√©diate taille M/L sur commande pour autre taille.Tarif : 13500‚Ç¨ configuration d'origine avec boitier c√©ramique speed au lieu de 17784‚Ç¨+ 800‚Ç¨ capteur de puissance+ 2900‚Ç¨ Roues PRINCETON PEAK EVO 4550 TACTC 01Pour plus de renseignement, nous contacter au 0623905271 ou au 0493690626",13500 ‚Ç¨,"{'Ann√©e': '2025', '√âtat': 'Neuf', 'Groupe': 'Shimano Dura Ace Di2', 'Taille du cadre': '56 cm', 'Diametre roues': '700 / 28""', 'Mati√®re principale': 'Carbone', 'Type de freinage': 'Disques', 'Nombres de vitesses': '12 vitesses', 'Groupe √©lectrique (AXS, Di2, eTap, ..)': 'Oui'}",/Users/vloi/code/vloi/helperz/data_viz/data/4/img_tvlo/tvlo_00028_0.jpg,/Users/vloi/code/vloi/helperz/data_viz/data/4/img_tvlo/tvlo_00028_1.jpg,/Users/vloi/code/vloi/helperz/data_viz/data/4/img_tvlo/tvlo_00028_2.jpg,,,,,,,
i_00029,Cube C 68X PRO - CUBE - 05260,"Vends v√©lo Cube Litening C:68X PRO 52cm avec capteur de puissance Quark int√©gr√©, plateaux 48/35, groupe Sram Force, bon √©tat avec entretien r√©gulier(factures) chez Dynamic V√©lo Gap",3250 ‚Ç¨,"{'Ann√©e': '2023', '√âtat': 'Bon √©tat', 'Groupe': 'SRAM Force', 'Taille du cadre': '52 cm', 'Diametre roues': '700 / 28""', 'Mati√®re principale': 'Carbone', 'Type de freinage': 'Disques', 'Pratique': 'Route', 'Nombres de vitesses': '12 vitesses', 'Groupe √©lectrique (AXS, Di2, eTap, ..)': 'Oui'}",/Users/vloi/code/vloi/helperz/data_viz/data/4/img_tvlo/tvlo_00029_0.jpg,/Users/vloi/code/vloi/helperz/data_viz/data/4/img_tvlo/tvlo_00029_1.jpg,/Users/vloi/code/vloi/helperz/data_viz/data/4/img_tvlo/tvlo_00029_2.jpg,/Users/vloi/code/vloi/helperz/data_viz/data/4/img_tvlo/tvlo_00029_3.jpg,,,,,,
i_00030,fanders taille 44 slr (alu) IDEAL ECOLE VELO  ET + - FLANDERS - 21000,velo taillea partir de  xxs (44) alu slr    tiagra hydrolique 2x 10 meca (DISPO SOUS 10 JOURS¬∞)(1 taille 44  et 50 et 53voir photo .dispo 10 jours ap reglement)  prix 1090eautres taille et groupe possible ( 105 hydrolique a partir de 1300e)taille 44 colier!  (axe 39) ideal ecole velo   OU A PARTIR DE 1M30ENVOI POSSIBLE 40eDELAIS   apres reglement 20/25 jours     ACOMPTES COMMANDE 60%contact tel (versions 105 possible a partir 1450e..,1090 ‚Ç¨,"{'Ann√©e': '2023', '√âtat': 'Neuf', 'Groupe': 'Shimano Tiagra', 'Taille du cadre': 'XXS', 'Diametre roues': '700 / 28""', 'Mati√®re principale': 'Aluminium', 'Type de freinage': 'Disques', 'Pratique': 'Route', 'Nombres de vitesses': '10 vitesses'}",/Users/vloi/code/vloi/helperz/data_viz/data/4/img_tvlo/tvlo_00030_0.jpg,/Users/vloi/code/vloi/helperz/data_viz/data/4/img_tvlo/tvlo_00030_1.jpg,/Users/vloi/code/vloi/helperz/data_viz/data/4/img_tvlo/tvlo_00030_2.jpg,/Users/vloi/code/vloi/helperz/data_viz/data/4/img_tvlo/tvlo_00030_3.jpg,/Users/vloi/code/vloi/helperz/data_viz/data/4/img_tvlo/tvlo_00030_4.jpg,/Users/vloi/code/vloi/helperz/data_viz/data/4/img_tvlo/tvlo_00030_5.jpg,,,,
i_00031,Cube litening c68 - CUBE - 7120,Cube litening c68 taille 56 v√©lo dans un tr√®s bon √©tat roue newmen 38 roulement neufs nouveaux disques  nouvelle cassette cha√Æne guidoline nouveau roulement p√©dalier c√©ramique sram √©quip√© en sram force avec nouveau d√©railleur arri√®re v√©lo pr√™t pour la saison vent car achat d‚Äôun nouveau merci de ne pas proposer de prix d√©risoire je n‚Äôy r√©pondrais pas,3000 ‚Ç¨,"{'Ann√©e': '2020', '√âtat': 'Tr√®s bon √©tat', 'Taille du cadre': 'M/L', 'Diametre roues': '700 / 28""', 'Mati√®re principale': 'Carbone', 'Couleurs principales': 'Blanc, Gris'}",/Users/vloi/code/vloi/helperz/data_viz/data/4/img_tvlo/tvlo_00031_0.jpg,/Users/vloi/code/vloi/helperz/data_viz/data/4/img_tvlo/tvlo_00031_1.jpg,/Users/vloi/code/vloi/helperz/data_viz/data/4/img_tvlo/tvlo_00031_2.jpg,/Users/vloi/code/vloi/helperz/data_viz/data/4/img_tvlo/tvlo_00031_3.jpg,/Users/vloi/code/vloi/helperz/data_viz/data/4/img_tvlo/tvlo_00031_4.jpg,,,,,
i_00032,SCOTT Addict RC 15 S - SCOTT - 13290,"Chaque coup de p√©dale est une impulsion vers la vitesse pure. Le SCOTT Addict RC 15 Red 2020 n‚Äôest pas qu‚Äôun v√©lo de route, c‚Äôest une promesse de fluidit√©, de l√©g√®ret√© et d‚Äô√©lan ma√Ætris√© ! Sur le bitume, il √©pouse chaque virage avec gr√¢ce, d√©vore les lignes droites avec assurance, et transforme les mont√©es en danse silencieuse. Taill√© pour les longues distances, il offre un confort rare sans compromettre la performance. Et quand la pente s‚Äôinverse, il d√©voile toute sa fougue : capable d‚Äôatteindre jusqu‚Äô√† 80 km/h en descente, il r√©veille les sensations fortes et √©l√®ve chaque sortie au rang d‚Äô√©chapp√©e. L‚ÄôAddict RC 15, c‚Äôest la route sans retenue.",2999 ‚Ç¨,"{'Ann√©e': '2020', '√âtat': 'Tr√®s bon √©tat', 'Taille du cadre': 'S', 'Mati√®re principale': 'Carbone', 'Type de freinage': 'Disque', 'Nombres de vitesses': '11 vitesses'}",/Users/vloi/code/vloi/helperz/data_viz/data/4/img_tvlo/tvlo_00032_0.jpg,/Users/vloi/code/vloi/helperz/data_viz/data/4/img_tvlo/tvlo_00032_1.jpg,/Users/vloi/code/vloi/helperz/data_viz/data/4/img_tvlo/tvlo_00032_2.jpg,/Users/vloi/code/vloi/helperz/data_viz/data/4/img_tvlo/tvlo_00032_3.jpg,/Users/vloi/code/vloi/helperz/data_viz/data/4/img_tvlo/tvlo_00032_4.jpg,/Users/vloi/code/vloi/helperz/data_viz/data/4/img_tvlo/tvlo_00032_5.jpg,/Users/vloi/code/vloi/helperz/data_viz/data/4/img_tvlo/tvlo_00032_6.jpg,/Users/vloi/code/vloi/helperz/data_viz/data/4/img_tvlo/tvlo_00032_7.jpg,,
i_00033,BMC Roadmachine X TWO - BMC - 68730,Je vends un BMC Roadmachine X TWO en tr√®s bon √©tat en taille 54cm 2 sortes de pneus Possibilit√© avec p√©dales route o√π vtt Descriptif complet sur le site [URL masqu√©e pour votre s√©curit√©] Valeur 4.999‚Ç¨ Je le c√®de √† 2700‚Ç¨,2500 ‚Ç¨,"{'Ann√©e': '2023', '√âtat': 'Comme neuf', 'Groupe': 'SRAM Rival AXS', 'Taille du cadre': '54 cm', 'Diametre roues': '700 / 28""', 'Mati√®re principale': 'Carbone', 'Couleurs principales': 'Jaune', 'Type de freinage': 'Disques', 'Pratique': 'CLM', 'Nombres de vitesses': '12 vitesses', 'Groupe √©lectrique (AXS, Di2, eTap, ..)': 'Oui'}",/Users/vloi/code/vloi/helperz/data_viz/data/4/img_tvlo/tvlo_00033_0.jpg,/Users/vloi/code/vloi/helperz/data_viz/data/4/img_tvlo/tvlo_00033_1.jpg,/Users/vloi/code/vloi/helperz/data_viz/data/4/img_tvlo/tvlo_00033_2.jpg,/Users/vloi/code/vloi/helperz/data_viz/data/4/img_tvlo/tvlo_00033_3.jpg,/Users/vloi/code/vloi/helperz/data_viz/data/4/img_tvlo/tvlo_00033_4.jpg,/Users/vloi/code/vloi/helperz/data_viz/data/4/img_tvlo/tvlo_00033_5.jpg,,,,
i_00034,ORIGINE Alu groupe SRAM Force 11V - ORIGINE CYCLES - 13800,"V√©lo route sur cadre neuf (couleur bleue c√©leste), groupe SRAM FORCE 11V,  d√©railleur arri√®re neuf,  cha√Æne neuve, potence Ritchey neuve, guidon RXL SL carbone neuve, p√©dale Look K√©o blade, Roues KSYRIUM Elite S, pneus neufs Continental en 28... Bref il est parfait (et en excellent √©tat pratique neuf) !",1400 ‚Ç¨,"{'Ann√©e': '2025', '√âtat': 'Comme neuf', 'Groupe': 'SRAM Force', 'Taille du cadre': 'S/M', 'Diametre roues': '700 / 28""', 'Mati√®re principale': 'Aluminium', 'Couleurs principales': 'Bleu', 'Type de freinage': 'Patins', 'Pratique': 'Route', 'Nombres de vitesses': '11 vitesses', 'Groupe √©lectrique (AXS, Di2, eTap, ..)': 'Non'}",/Users/vloi/code/vloi/helperz/data_viz/data/4/img_tvlo/tvlo_00034_0.jpg,/Users/vloi/code/vloi/helperz/data_viz/data/4/img_tvlo/tvlo_00034_1.jpg,/Users/vloi/code/vloi/helperz/data_viz/data/4/img_tvlo/tvlo_00034_2.jpg,/Users/vloi/code/vloi/helperz/data_viz/data/4/img_tvlo/tvlo_00034_3.jpg,,,,,,
i_00035,Bianchi Specialissima Carbone Di2 12V - BIANCHI - 08227,"INTRODUCTIONCe v√©lo d'occasion reconditionn√© est un v√©lo de route taille 56: 178cm √† 187cm, avec un cadre en Carbone et
	transmission Shimano Ultegra Di2. Les images de ce v√©lo sont r√©elles et sp√©cifiques, ce ne sont pas des photographies de
	catalogue.√âTAT M√âCANIQUETous les v√©los quittent nos installations apr√®s avoir √©t√© enti√®rement
	v√©rifi√©s, nous rempla√ßons toutes les pi√®ces d'usure, chaque fois que le v√©lo en a besoin, par un composant de
	m√™me gamme ou similaire. Nous effectuons un graissage complet du v√©lo et un r√©glage de celui-ci avant sa
	livraison afin que vous puissiez profiter de sa remise en service. Plus de fonctionnalit√©s, dans le tableau
	suivant. P√©dales non incluses.D√âTAILSTaille56: 178cm √† 187cmCadreCarboneTaille de roue700TransmissionShimano Ultegra Di2Vitesses12 VitessesCassette11-32-TManettesShimano Ultegra Di2ManivellesShimano UltegraPlateaux50-34-TFreinsShimano UltegraRouesFulcrumMat√©riau de la potenceCarboneGuidonundefinedTigeCarboneFourcheundefinedBlocage remote de la fourcheundefinedD√©battement de fourcheundefinedNOUS EXAMINONS CHAQUE V√âLO EN D√âTAILNous v√©rifions l'int√©grit√© structurelle du cadre et des roues.Nous v√©rifions le fonctionnement des suspensions, de la transmission et des freins.Nous passons en revue tous les √©l√©ments d'usure, et nous changeons ceux n√©cessaires pour garantir un
		fonctionnement correct.Nous analysons le fonctionnement du moteur, de la batterie et de l'affichage, dans le cas des v√©los
		√©lectriques.Nous effectuons un graissage et serrage complet de toutes les vis du v√©lo.",4385 ‚Ç¨,"{'Ann√©e': '2023', '√âtat': 'Comme neuf', 'Diametre roues': 'Autre', 'Poids': '7', 'Type de freinage': 'Disques', ""Type d'√©trier de frein"": 'U-Brake', 'Nombres de vitesses': '1 vitesse - Mono'}",/Users/vloi/code/vloi/helperz/data_viz/data/4/img_tvlo/tvlo_00035_0.jpg,/Users/vloi/code/vloi/helperz/data_viz/data/4/img_tvlo/tvlo_00035_1.jpg,/Users/vloi/code/vloi/helperz/data_viz/data/4/img_tvlo/tvlo_00035_2.jpg,/Users/vloi/code/vloi/helperz/data_viz/data/4/img_tvlo/tvlo_00035_3.jpg,/Users/vloi/code/vloi/helperz/data_viz/data/4/img_tvlo/tvlo_00035_4.jpg,/Users/vloi/code/vloi/helperz/data_viz/data/4/img_tvlo/tvlo_00035_5.jpg,/Users/vloi/code/vloi/helperz/data_viz/data/4/img_tvlo/tvlo_00035_6.jpg,/Users/vloi/code/vloi/helperz/data_viz/data/4/img_tvlo/tvlo_00035_7.jpg,/Users/vloi/code/vloi/helperz/data_viz/data/4/img_tvlo/tvlo_00035_8.jpg,
i_00036,Rose Reveal 04 Ultegra Di2 Carbon V√©lo de Route Shimano Ultegra Di2 2023 - ROSE - 5831CM,"Rose Reveal 04 Ultegra Di2 V√©lo de Route - 2023 - Carbone - Shimano Ultegra Di2 - Reconditionn√© - 55Ce v√©lo a √©t√© remis √† neuf de mani√®re professionnelle et experte avec plus de 47 points de contr√¥le avec 15 mois de garantie.Le v√©lo est exp√©di√© √† 95% pr√™t √† rouler. Toutes les photos et vid√©os pr√©sentes sur notre site sont √† jour et ont √©t√© prises par nos soins apr√®s la r√©vision du v√©lo.Optische stands:Aussi bon que nouveau. Il peut montrer peu ou pas de taches cosm√©tiques l√©g√®res.M√©canique:Tous les v√©los quittent notre entrep√¥t apr√®s un contr√¥le complet et une refonte. La batterie et le moteur sont enti√®rement lus, les codes d'erreur sont supprim√©s et, si n√©cessaire, corrig√©es. Les pi√®ces d'usure sont remplac√©es de mani√®re pr√©ventive ou lorsque le v√©lo en a besoin. Votre v√©lo est compl√®tement nettoy√©, lubrifi√© et en √©tat de route avant la livraison, afin que vous puissiez faire du v√©lo apr√®s le d√©ballage.Parties:Cadre:Taper: Race | V√©lo de Route | AllroadMati√®re cadre: CarboneTaille de trame: 55 cmCockpit:Guidon: Rinchey CarboneFreins:Shimano Ultegra Di2 Freinage hydrauliqueSortichons: Shimano Ultegra Di2Suspendre:Fourche:Rose CarboneRoues:Taille de la roue:28 pouces RouesRoues: R Thirty LightPneus:ContinentalConduire:Groupe de composants:Shimano Ultegra Di2, 12-SpeedManivelles: Shimano UltegraAutres parties:Selle: Selle ItaliaTige de selle: Rose CarboneLes ""Plus"" H&B Exclusive :47 points de contr√¥le sur nos v√©losGarantie Europ√©enne : 15 moisD√©lai de r√©tractation de 14 joursLivraison sous 2 √† 5 jours avec suivi et trace ouvr√©s dans l'UE avec suivi et Airtag (optionnel)Service client disponible 7j/7D√©tails du contact H&B Exclusive :Tel nummer: +31850501685Whatsapp: +31850501685",3299 ‚Ç¨,"{'Ann√©e': '2023', '√âtat': 'Tr√®s bon √©tat', 'Groupe': 'Shimano Ultegra Di2', 'Taille du cadre': '55 cm', 'Diametre roues': '700 / 28""', 'Mati√®re principale': 'Carbone', 'Couleurs principales': 'Noir, Orange', 'Type de freinage': 'Disques', 'Pratique': 'Route', 'Nombres de vitesses': '12 vitesses'}",/Users/vloi/code/vloi/helperz/data_viz/data/4/img_tvlo/tvlo_00036_0.jpg,/Users/vloi/code/vloi/helperz/data_viz/data/4/img_tvlo/tvlo_00036_1.jpg,/Users/vloi/code/vloi/helperz/data_viz/data/4/img_tvlo/tvlo_00036_2.jpg,/Users/vloi/code/vloi/helperz/data_viz/data/4/img_tvlo/tvlo_00036_3.jpg,/Users/vloi/code/vloi/helperz/data_viz/data/4/img_tvlo/tvlo_00036_4.jpg,/Users/vloi/code/vloi/helperz/data_viz/data/4/img_tvlo/tvlo_00036_5.jpg,/Users/vloi/code/vloi/helperz/data_viz/data/4/img_tvlo/tvlo_00036_6.jpg,/Users/vloi/code/vloi/helperz/data_viz/data/4/img_tvlo/tvlo_00036_7.jpg,/Users/vloi/code/vloi/helperz/data_viz/data/4/img_tvlo/tvlo_00036_8.jpg,/Users/vloi/code/vloi/helperz/data_viz/data/4/img_tvlo/tvlo_00036_9.jpg
i_00037,Cube Litening AERO C68X Race - CUBE - 50220,"Cube Litening C68X A√©ro Race Teamline, taille 54, √©quip√© en Ultegra di2 12v, avec capteur de puissance shimano. Roues Newmen Advanced SLR 50/65 Streem.Fourni avec la tige de selle d‚Äôorigine.Le v√©lo totalise 489.4 kms.Plus de renseignements en mp",4500 ‚Ç¨,"{'Ann√©e': '2023', '√âtat': 'Comme neuf', 'Groupe': 'Shimano Ultegra Di2', 'Taille du cadre': '54 cm', 'Diametre roues': '700 / 28""', 'Mati√®re principale': 'Carbone', 'Couleurs principales': 'Blanc', 'Type de freinage': 'Disques', 'Pratique': 'Route', 'Nombres de vitesses': '12 vitesses', 'Groupe √©lectrique (AXS, Di2, eTap, ..)': 'Oui'}",/Users/vloi/code/vloi/helperz/data_viz/data/4/img_tvlo/tvlo_00037_0.jpg,,,,,,,,,
i_00038,CERVELO S5 taille 54 - CERVELO - 06600,"CERVELO S5 taille 54Tr√®s bon √©tat g√©n√©ralGroupe complet SHIMANO ULTEGRA DI2 12 vitessesP√©dalier 52/36,cassette 11-30Roues carbone R√âSERVE 52/36Envoi possible et s√©curis√©Pour plus d‚Äôinformations n‚Äôh√©sitez pas √† nous contacter au 04 93 74 08 03Cordialementl‚Äô√©quipe TOP CYCLE",6500 ‚Ç¨,"{'√âtat': 'Tr√®s bon √©tat', 'Groupe': 'Shimano Ultegra Di2', 'Taille du cadre': '54 cm', 'Diametre roues': '700 / 28""', 'Mati√®re principale': 'Carbone', 'Couleurs principales': 'Noir', 'Type de freinage': 'Disques', 'Pratique': 'Route', 'Nombres de vitesses': '12 vitesses', 'Groupe √©lectrique (AXS, Di2, eTap, ..)': 'Oui'}",/Users/vloi/code/vloi/helperz/data_viz/data/4/img_tvlo/tvlo_00038_0.jpg,/Users/vloi/code/vloi/helperz/data_viz/data/4/img_tvlo/tvlo_00038_1.jpg,/Users/vloi/code/vloi/helperz/data_viz/data/4/img_tvlo/tvlo_00038_2.jpg,/Users/vloi/code/vloi/helperz/data_viz/data/4/img_tvlo/tvlo_00038_3.jpg,/Users/vloi/code/vloi/helperz/data_viz/data/4/img_tvlo/tvlo_00038_4.jpg,/Users/vloi/code/vloi/helperz/data_viz/data/4/img_tvlo/tvlo_00038_5.jpg,/Users/vloi/code/vloi/helperz/data_viz/data/4/img_tvlo/tvlo_00038_6.jpg,,,
i_00039,trek emonda sl6 pro disc - TREK - 83560,Vends v√©lo trek emonda sl6 pro discultegra roues dt swiss er 1600 spline Velo quasi neuf m√™me pas 500km au compteurtaille 52,1500 ‚Ç¨,"{'√âtat': 'Comme neuf', 'Groupe': 'Shimano Ultegra', 'Taille du cadre': '52 cm', 'Diametre roues': '700 / 28""', 'Mati√®re principale': 'Carbone', 'Type de freinage': 'Disques', 'Pratique': 'Route', 'Nombres de vitesses': '11 vitesses'}",/Users/vloi/code/vloi/helperz/data_viz/data/4/img_tvlo/tvlo_00039_0.jpg,,,,,,,,,
i_00040,PINARELLO X5 Ultegra Di2 58 - PINARELLO - 13290,"Ce v√©lo de Route endurance transforme chaque sortie en v√©ritable plaisir, m√™lant performance fluide et confort haut de gamme. Sa position naturelle et sa capacit√© √† lisser les imperfections de la route permettent d‚Äôencha√Æner les kilom√®tres avec une aisance bluffante. √Ä la fois vif, stable et ultra confortable, il est taill√© pour ceux qui veulent rouler loin, vite, et avec style. Un pur concentr√© de plaisir, pr√™t √† t‚Äôaccompagner dans toutes tes aventures sur route.",5499 ‚Ç¨,"{'Ann√©e': '2023', '√âtat': 'Neuf', 'Taille du cadre': '58 cm', 'Mati√®re principale': 'Carbone', 'Type de freinage': 'Disque', 'Nombres de vitesses': '12 vitesses'}",/Users/vloi/code/vloi/helperz/data_viz/data/4/img_tvlo/tvlo_00040_0.jpg,/Users/vloi/code/vloi/helperz/data_viz/data/4/img_tvlo/tvlo_00040_1.jpg,/Users/vloi/code/vloi/helperz/data_viz/data/4/img_tvlo/tvlo_00040_2.jpg,/Users/vloi/code/vloi/helperz/data_viz/data/4/img_tvlo/tvlo_00040_3.jpg,/Users/vloi/code/vloi/helperz/data_viz/data/4/img_tvlo/tvlo_00040_4.jpg,,,,,
i_00041,Velo de route Argon 18 gallium pro  - ARGON 18 - 42410,"Vends v√©lo de route argon 18 gallium pro √©dition limit√©e de 2015.Je le vends car il est trop petit pour moi. (Blessure au genou)Vendu en tr√®s bon √©tat, environ 5000km, entretien r√©gulier.Caract√©ristiques techniques :Vendu avec des roues vision metron 40 sl. Transmission shimano ultegra di2 11vPrix n√©gociable dans la limite du raisonnable. Plus d‚Äôinfos par message.",1750 ‚Ç¨,"{'Ann√©e': '2015', '√âtat': 'Tr√®s bon √©tat', 'Groupe': 'Shimano Ultegra Di2', 'Taille du cadre': 'S', 'Diametre roues': '700 / 28""', 'Mati√®re principale': 'Carbone', 'Couleurs principales': 'Noir, Rouge', 'Type de freinage': 'Patins', 'Pratique': 'Route', 'Nombres de vitesses': '11 vitesses', 'Groupe √©lectrique (AXS, Di2, eTap, ..)': 'Oui'}",/Users/vloi/code/vloi/helperz/data_viz/data/4/img_tvlo/tvlo_00041_0.jpg,/Users/vloi/code/vloi/helperz/data_viz/data/4/img_tvlo/tvlo_00041_1.jpg,/Users/vloi/code/vloi/helperz/data_viz/data/4/img_tvlo/tvlo_00041_2.jpg,/Users/vloi/code/vloi/helperz/data_viz/data/4/img_tvlo/tvlo_00041_3.jpg,/Users/vloi/code/vloi/helperz/data_viz/data/4/img_tvlo/tvlo_00041_4.jpg,/Users/vloi/code/vloi/helperz/data_viz/data/4/img_tvlo/tvlo_00041_5.jpg,,,,
i_00042,"V√©lo MERIDA SCULTURA 9000 SRAM RED ETAP 11V 5,9 kg - MERIDA - 01300","Vend v√©lo MERIDA SCULTURA BAHRAIN 9000 groupe SRAM RED ETAP11V avec un p√©dalier 34/50 sur le v√©lo et le p√©dalier d'origine K-FORCE LIGHT  36/52 comme neuf , √† presque 74 ans et probl√®me de sant√© j'ai fais mont√© un 34/50 ... (le v√©lo est en tr√®s tr√®s bon √©tat et n'a jamais chuter)   roues  roues Vision Carbon en 36 boyaux 25 comme neuve,  prix 3000‚Ç¨ valeur neuf 10000‚Ç¨Paire de roues Mavic Ksyrum PRO (PNEUS en 25) tr√®s bon √©tat , prix 550 ‚Ç¨  (entrainement)Paire de roues Mavic Cosmic Ultimat SCS en 40 boyaux comme neuve, prix 750‚Ç¨  avec un boyaux neuf valeur 80‚Ç¨C'est un v√©lo et roues qui √©tait destin√© √† un professionnel mais qui n'avais jamais servie; quand j'ai  acheter le v√©lo avec les roues qui ont un rendement exceptionnel... le tout √©tait NEUF..La priorit√© sera donn√©e √† un achat group√© du mat√©riel...prix n√©gociable  dans la limite du raisonnable!",3000 ‚Ç¨,"{'Ann√©e': '2020', '√âtat': 'Comme neuf', 'Groupe': 'SRAM Red eTap', 'Taille du cadre': 'S/M', 'Diametre roues': 'Autre', 'Mati√®re principale': 'Carbone', 'Couleurs principales': 'Rouge', 'Type de freinage': 'Patins', 'Pratique': 'Route', 'Nombres de vitesses': '11 vitesses', 'Groupe √©lectrique (AXS, Di2, eTap, ..)': 'Oui'}",/Users/vloi/code/vloi/helperz/data_viz/data/4/img_tvlo/tvlo_00042_0.jpg,/Users/vloi/code/vloi/helperz/data_viz/data/4/img_tvlo/tvlo_00042_1.jpg,/Users/vloi/code/vloi/helperz/data_viz/data/4/img_tvlo/tvlo_00042_2.jpg,/Users/vloi/code/vloi/helperz/data_viz/data/4/img_tvlo/tvlo_00042_3.jpg,/Users/vloi/code/vloi/helperz/data_viz/data/4/img_tvlo/tvlo_00042_4.jpg,/Users/vloi/code/vloi/helperz/data_viz/data/4/img_tvlo/tvlo_00042_5.jpg,,,,
i_00043,Vends v√©lo Colnago C60 - COLNAGO - 54800,Vends Colnago C60 √©tat neufMont√© en Campagnolo record et super record 12 vitessses,1800 ‚Ç¨,"{'Ann√©e': '2018', '√âtat': 'Comme neuf', 'Groupe': 'Campagnolo Super Record', 'Taille du cadre': 'S/M', 'Diametre roues': '700 / 28""', 'Mati√®re principale': 'Carbone', 'Couleurs principales': 'Beige', 'Type de freinage': 'Patins', 'Pratique': 'Route', 'Nombres de vitesses': '12 vitesses', 'Groupe √©lectrique (AXS, Di2, eTap, ..)': 'Non'}",/Users/vloi/code/vloi/helperz/data_viz/data/4/img_tvlo/tvlo_00043_0.jpg,/Users/vloi/code/vloi/helperz/data_viz/data/4/img_tvlo/tvlo_00043_1.jpg,/Users/vloi/code/vloi/helperz/data_viz/data/4/img_tvlo/tvlo_00043_2.jpg,,,,,,,
i_00044,Wilier Cento Pro  - WILIER - 35000,"MAGASIN CYCLEXPERTS RENNESJe vends, suite √† une reprise, ce Wilier Cento Pro, taile M (id√©al 1m70-1m80), √©quip√© en shimano Ult√©gra 11V M√©canique. Paire de roues alu Shimano RS. V√©lo en excellent √©tat, pas de poque, tr√®s peu roul√© et tr√®s bien entretenu.Envoie possible dans toute la France, contactez-moi au 06 86 43 65 62Valentin, Cyclexperts Rennes.",1499 ‚Ç¨,"{'√âtat': 'Tr√®s bon √©tat', 'Groupe': 'Shimano Ultegra', 'Taille du cadre': 'M/L', 'Mati√®re principale': 'Carbone', 'Couleurs principales': 'Noir, Rouge', 'Type de freinage': 'Patins', 'Pratique': 'Route', 'Nombres de vitesses': '11 vitesses', 'Groupe √©lectrique (AXS, Di2, eTap, ..)': 'Non'}",/Users/vloi/code/vloi/helperz/data_viz/data/4/img_tvlo/tvlo_00044_0.jpg,,,,,,,,,
i_00045,Trek Emonda SL6 2023 - AUTRE - 31250,"OCCASIONTr√®s beau Trek √âmonda SL6 taille M de 2023.V√©lo ayant peu roul√©, enti√®rement r√©vis√©, rien √† pr√©voir! V√©lo garantie 1 an.Cadre et fourche full carbone T.54.Transmission Shimano 105 Di2 R7150 avec plateaux 34-50 et cassette 11-34.Freins Shimano 105 avec disques en 160mm.Potence Trek RCS Pro 90mm.Cintre Bontrager Elite VR-C 420mm.Selle Bontrager Aeolus Comp.Roues Bontrager Paradigm 28 avec pneus neufs Vittoria Rubino Pro 700√ó28.Un seul d√©faut d‚Äôaspect sur le p√©dalier (voir derni√®re photo).Son poids: 8,5kg v√©rifi√©.Son prix: 2700‚Ç¨ valeur neuf 3999‚Ç¨Envoi possible en France pour 65‚Ç¨.N‚Äôh√©sitez pas √† nous contacter pour plus d‚Äôinformations.Plus de photos sur notre site en copiant le lien suivant: http://revelocycles.fr/trek-emonda-sl6-2023/",2700 ‚Ç¨,"{'Ann√©e': '2023', '√âtat': 'Tr√®s bon √©tat', 'Groupe': 'Shimano 105 Di2', 'Taille du cadre': 'M', 'Diametre roues': '700 / 28""', 'Mati√®re principale': 'Carbone', 'Couleurs principales': 'Rouge, Gris', 'Type de freinage': 'Disques', 'Pratique': 'Route', 'Nombres de vitesses': '12 vitesses', 'Groupe √©lectrique (AXS, Di2, eTap, ..)': 'Oui'}",/Users/vloi/code/vloi/helperz/data_viz/data/4/img_tvlo/tvlo_00045_0.jpg,,,,,,,,,
i_00046,V√©lo route Trek Domane - TREK - 25410,"Vends cause probl√®mes de sant√©, v√©lo de route Trek Domane SL 5 56 Dark Aquatic.Equip√© p√©dales auto-blocante en carbone et c√©ramique. Selle italienne. R√©vision faite par Cycle de Saint-Vit.Compteur Sigma Rox 2.0",2600 ‚Ç¨,"{'Ann√©e': '2024', '√âtat': 'Comme neuf', 'Groupe': 'Shimano 105', 'Taille du cadre': 'L', 'Mati√®re principale': 'Carbone', 'Couleurs principales': 'Bleu', 'Type de freinage': 'Disques', 'Pratique': 'Route', 'Nombres de vitesses': '11 vitesses'}",/Users/vloi/code/vloi/helperz/data_viz/data/4/img_tvlo/tvlo_00046_0.jpg,,,,,,,,,
i_00047,CANYON Ultimate CF SL Disc 8.0 Aero - CANYON - 78120,"Ultimate CF SL Disc 8.0 Aero, gris m√©talliqueTaille SRoue Shimano Dura ace c36 tubeless (2022) pneus continental GP 5000 tubelessp√©dalier ROTOR 50/34 avec roulement (2024)Cha√Æne,K7et d√©railleur avant recentC√¢blerie d√©railleur avant et arri√®re r√©centGuidoline r√©centeJ‚Äôai toujours tr√®s bien entretenu mon v√©lo, il est en parfait √©tatLa selle et les p√©dales sont pas vendues avec, il y aura de mont√© sur le v√©lo une selle Italia carbonio raille carbone,",1800 ‚Ç¨,"{'Ann√©e': '2019', '√âtat': 'Tr√®s bon √©tat', 'Groupe': 'Shimano Ultegra', 'Taille du cadre': 'S', 'Diametre roues': '700 / 28""', 'Mati√®re principale': 'Carbone', 'Couleurs principales': 'Gris', 'Type de freinage': 'Disques', 'Pratique': 'Route', 'Nombres de vitesses': '11 vitesses', 'Groupe √©lectrique (AXS, Di2, eTap, ..)': 'Non'}",/Users/vloi/code/vloi/helperz/data_viz/data/4/img_tvlo/tvlo_00047_0.jpg,/Users/vloi/code/vloi/helperz/data_viz/data/4/img_tvlo/tvlo_00047_1.jpg,/Users/vloi/code/vloi/helperz/data_viz/data/4/img_tvlo/tvlo_00047_2.jpg,/Users/vloi/code/vloi/helperz/data_viz/data/4/img_tvlo/tvlo_00047_3.jpg,/Users/vloi/code/vloi/helperz/data_viz/data/4/img_tvlo/tvlo_00047_4.jpg,,,,,
i_00048,Giant TCR Advanced Carbone - GIANT - 08227,"INTRODUCTIONCe v√©lo d'occasion reconditionn√© est un v√©lo de route taille 56: 178cm √† 187cm, avec un cadre en Carbone et
	transmission Shimano 105. Les images de ce v√©lo sont r√©elles et sp√©cifiques, ce ne sont pas des photographies de
	catalogue.√âTAT M√âCANIQUETous les v√©los quittent nos installations apr√®s avoir √©t√© enti√®rement
	v√©rifi√©s, nous rempla√ßons toutes les pi√®ces d'usure, chaque fois que le v√©lo en a besoin, par un composant de
	m√™me gamme ou similaire. Nous effectuons un graissage complet du v√©lo et un r√©glage de celui-ci avant sa
	livraison afin que vous puissiez profiter de sa remise en service. Plus de fonctionnalit√©s, dans le tableau
	suivant. P√©dales non incluses.D√âTAILSTaille56: 178cm √† 187cmCadreCarboneTaille de roue700TransmissionShimano 105Vitesses11 VitessesCassette11-30-TManettesShimano 105ManivellesFSA Gossamer PRPlateaux50-34-TFreinsForzaRouesGurpil DPXMat√©riau de la potenceAluminiumGuidonundefinedTigeCarboneFourcheundefinedBlocage remote de la fourcheundefinedD√©battement de fourcheundefinedNOUS EXAMINONS CHAQUE V√âLO EN D√âTAILNous v√©rifions l'int√©grit√© structurelle du cadre et des roues.Nous v√©rifions le fonctionnement des suspensions, de la transmission et des freins.Nous passons en revue tous les √©l√©ments d'usure, et nous changeons ceux n√©cessaires pour garantir un
		fonctionnement correct.Nous analysons le fonctionnement du moteur, de la batterie et de l'affichage, dans le cas des v√©los
		√©lectriques.Nous effectuons un graissage et serrage complet de toutes les vis du v√©lo.",1345 ‚Ç¨,"{'Ann√©e': '2018', '√âtat': 'Comme neuf', 'Diametre roues': 'Autre', 'Poids': '9', 'Type de freinage': 'Disque', ""Type d'√©trier de frein"": 'V-Brake'}",/Users/vloi/code/vloi/helperz/data_viz/data/4/img_tvlo/tvlo_00048_0.jpg,/Users/vloi/code/vloi/helperz/data_viz/data/4/img_tvlo/tvlo_00048_1.jpg,/Users/vloi/code/vloi/helperz/data_viz/data/4/img_tvlo/tvlo_00048_2.jpg,/Users/vloi/code/vloi/helperz/data_viz/data/4/img_tvlo/tvlo_00048_3.jpg,/Users/vloi/code/vloi/helperz/data_viz/data/4/img_tvlo/tvlo_00048_4.jpg,/Users/vloi/code/vloi/helperz/data_viz/data/4/img_tvlo/tvlo_00048_5.jpg,/Users/vloi/code/vloi/helperz/data_viz/data/4/img_tvlo/tvlo_00048_6.jpg,/Users/vloi/code/vloi/helperz/data_viz/data/4/img_tvlo/tvlo_00048_7.jpg,/Users/vloi/code/vloi/helperz/data_viz/data/4/img_tvlo/tvlo_00048_8.jpg,
i_00049,Storck Aernario G1 avec Lightweight Meilenstein Schwarz Edition : 6.9kg ! - STORCK - 35300,"Marque mythique, dont Jan Ullrich aura √©t√© l'un des ambassadeurs !Storck est reconnu depuis toujours pour la qualit√© de ses produits et process de fabrication artisanal.Essayer un v√©lo Storck c'est une exp√©rience qu'on ne regrette jamais !Cet Aernario est en taille 55cm (√©quivalent taille M, la photo montre une mesure axe p√©dalier - creux de selle de 74.5cm).Il a √©t√© customis√© / upgrad√© en 2023 en le passant en Di2   capteur de puissance   pas mal d'autres accessoires haut de gamme ; et en y rajoutant enfin des Lightweight Meilenstein. Le r√©sultat est un poids sous les 7kg (sans les p√©dales et porte bidons)Une machine incroyable qui aura peu roul√© malgr√© tout (6000kms maximum seulement), mais aura √©t√© un plaisir pour des sorties longues et du denivel√© (ex : mallorca 312 !)D√©tail des √©quipements :Cadre : STORCK Aernario, taille 55cm ; coloris : Matte Black / WhiteRoues : Lightweight Meilenstein Schwarz Edition (roulements c√©ramiques) (boyaux, freinage patins)Boyaux : arri√®re -> Veloflex Pro tour en 28mm / avant -> Veloflex Pro tour Race en 28mmAttaches rapides : Lightweight TitaneK7: Ultegra 11v 11/25Der. avant : Ultegra Di2 11vDer. arri√®re : Ultegra Di2 11vFreins : UltegraLeviers : Ultegra Di2 11vChape Der. arri√®re : Ceramic SpeedP√©dalier avec Capteur de puissance : Rotor 2inPower 172.5mm   52/36 (compact BCD 110mm)P√©dales (optionnelles) : Look Keo carbon ( 50‚Ç¨)Tige de selle : Storck MLP 150Selle : Selle Italia SLS Storck monolink, rail carbone (je donne le kit d'adaptation monorail √©galement)Cintre : Storck RBC 220 Carbone, diam√®tre 42cm (axe-axe)Cha√Æne : YBN 11v Titane SLA 211 Ti (la plus l√©g√®re au monde, valeur 250‚Ç¨)Guidoline : Prologo One Touch Gel Black / WhiteSupport compteur garmin / WahooLe v√©lo est en parfait √©tat et est visible √† notre magasin de Foug√®res (35300)",4490 ‚Ç¨,"{'Ann√©e': '2020', '√âtat': 'Tr√®s bon √©tat', 'Groupe': 'Shimano Ultegra Di2', 'Taille du cadre': '55 cm', 'Diametre roues': '700 / 28""', 'Mati√®re principale': 'Carbone', 'Couleurs principales': 'Noir, Blanc', 'Type de freinage': 'Patins', 'Pratique': 'CLM', 'Nombres de vitesses': '11 vitesses', 'Groupe √©lectrique (AXS, Di2, eTap, ..)': 'Oui'}",/Users/vloi/code/vloi/helperz/data_viz/data/4/img_tvlo/tvlo_00049_0.jpg,/Users/vloi/code/vloi/helperz/data_viz/data/4/img_tvlo/tvlo_00049_1.jpg,/Users/vloi/code/vloi/helperz/data_viz/data/4/img_tvlo/tvlo_00049_2.jpg,/Users/vloi/code/vloi/helperz/data_viz/data/4/img_tvlo/tvlo_00049_3.jpg,/Users/vloi/code/vloi/helperz/data_viz/data/4/img_tvlo/tvlo_00049_4.jpg,/Users/vloi/code/vloi/helperz/data_viz/data/4/img_tvlo/tvlo_00049_5.jpg,/Users/vloi/code/vloi/helperz/data_viz/data/4/img_tvlo/tvlo_00049_6.jpg,/Users/vloi/code/vloi/helperz/data_viz/data/4/img_tvlo/tvlo_00049_7.jpg,/Users/vloi/code/vloi/helperz/data_viz/data/4/img_tvlo/tvlo_00049_8.jpg,/Users/vloi/code/vloi/helperz/data_viz/data/4/img_tvlo/tvlo_00049_9.jpg
